﻿<root>
  <Stencils>
    <Stencil id="1" name="General" isVisible="1">
      <Activities>
        <Activity Namespace="WFBuilder.Adapters" Type="Template" />
        <Activity Namespace="WFBuilder.Adapters" Type="Template1" />
      </Activities>
    </Stencil>
    <!--<Stencil id="1" name="General" isVisible="1">
      <Activities>
        <Activity Namespace="WFBuilder.DiagramContainers" Type="TransparentDiagram"  PinsQtyIn ="2" PinsQtyOut ="6"/>
        <Activity Namespace="WFBuilder.DiagramContainers" Type="LogDiagram"  PinsQtyIn ="1" PinsQtyOut ="1"/>
      </Activities>
    </Stencil>
    <Stencil id="2" name="General2" isVisible="1">
      <Activities>
        <Activity Namespace="WFBuilder.DiagramContainers" Type="TransparentDiagram"  PinsQtyIn ="2" PinsQtyOut ="6"/>
        <Activity Namespace="WFBuilder.DiagramContainers" Type="LogDiagram"  PinsQtyIn ="1" PinsQtyOut ="1"/>
      </Activities>
    </Stencil>-->
  </Stencils>
</root>
