﻿<root>
  <Stencils>
    <Stencil id="1" name="General" isVisible="1">
      <Adapters>
        <Adapter Namespace="WFBuilder.Adapters" Type="Template" Name="Template"/>
        <Adapter Namespace="WFBuilder.Adapters.General" Type="Transparent" Name="Transparent" />
        <Adapter Namespace="WFBuilder.Adapters.General" Type="LogAdapter" Name="Log" />
        <Adapter Namespace="WFBuilder.Adapters.General.EscData" Type="CreateSetEscDataAdapter" Name="CreSetEsc" />
      </Adapters>
    </Stencil>
    <Stencil id="2" name="Common" isVisible="1">
      <Adapters>
        <Adapter Namespace="WFBuilder.Adapters.Common" Type="Assign" Name="Assign" />        
      </Adapters>
    </Stencil>
  </Stencils>
</root>
